{"cameraMode":{"drawMode":0,"name":"Shaded","section":"Shading Mode"},"sceneLighting":true,"audioPlay":false,"sceneViewState":{"m_AlwaysRefresh":false,"showFog":true,"showSkybox":true,"showFlares":true,"showImageEffects":true,"showParticleSystems":true,"showVisualEffectGraphs":true,"m_FxEnabled":true},"in2DMode":false,"pivot":{"x":0.6029302477836609,"y":2.8081893920898439,"z":92.10596466064453},"rotation":{"x":-0.0000016720561006877688,"y":0.9999865293502808,"z":-0.00030960480216890574,"w":-0.005698295310139656},"size":4.759204387664795,"orthographic":false}